Species,1975,1976,1977,1978,1979,1980,1981,1982,1983,1984,1985,1986,1987,1988,1989,1990,1991,1992,1993,1994,1995,1996,1997,1998,1999,2000,2001,2002,2003,2004,2005,2006,2007,2008,2009,2010,2011,2012,2013,2014
Fulvous Whistling-Duck,2,0,1,0,0,0,0,0,0,0,0,0,0,2,4,0,2,0,0,0,0,0,0,1,0,0,0,0,0,0,0,0,0,0,0,0,0,0,0,0
Canada Goose,303,287,362,567,189,399,592,269,280,532,545,1025,1057,232,1105,858,724,514,679,646,1069,950,795,738,1452,1542,882,781,810,987,819,820,1047,614,605,434,483,509,545,353
Wood Duck,3,6,14,14,10,16,9,17,12,22,27,14,12,56,42,21,33,36,49,49,42,75,71,63,61,83,49,89,65,40,55,65,66,54,78,72,53,58,27,10
Gadwall,26,25,28,36,44,69,39,154,173,125,309,207,117,230,306,230,411,376,400,682,440,785,543,434,722,524,814,454,509,531,636,743,531,411,303,711,308,336,309,85
American Wigeon,2,11,6,0,2,8,1,4,29,5,2,7,0,8,3,8,7,2,6,6,11,11,11,10,2,4,11,7,7,3,1,0,4,2,6,5,6,0,4,2
Mallard,402,456,261,258,341,322,682,378,537,625,731,1104,736,822,1416,801,1128,1387,1099,1054,1470,1663,1377,1298,2425,1807,2143,1394,1768,1832,1206,1451,1534,879,987,894,612,860,627,330
Blue-winged Teal,5,3,6,3,1,19,4,9,6,6,2,7,4,5,16,3,3,2,8,2,4,1,0,6,2,8,0,10,2,6,4,4,8,2,3,5,4,1,0,0
Cinnamon Teal,103,82,100,185,81,86,101,190,151,307,131,245,284,215,198,202,230,151,224,183,254,294,177,164,147,116,150,135,204,136,207,148,186,99,117,160,97,90,76,9
Northern Shoveler,17,15,16,28,73,33,65,47,123,38,109,148,113,62,111,78,154,33,88,156,234,233,73,123,155,340,106,83,75,70,72,40,34,26,53,143,49,23,7,2
Northern Pintail,57,173,30,153,150,154,793,60,179,193,92,186,36,62,174,99,74,80,181,52,312,221,31,59,72,30,44,70,63,22,11,8,17,2,9,30,19,6,7,3
Green-winged Teal,0,2,1,10,0,0,4,0,1,0,0,5,1,4,4,0,0,1,1,3,2,6,12,1,1,2,4,0,3,2,1,2,7,3,3,2,5,3,3,0
Canvasback,0,8,10,1,0,2,39,3,12,6,18,2,9,13,3,2,2,0,0,16,4,8,1,1,9,11,9,0,28,6,14,2,5,24,22,12,5,3,0,0
Redhead,10,38,46,17,73,208,74,63,85,96,55,104,133,185,79,128,81,74,243,290,234,200,109,95,100,70,79,97,112,56,42,93,99,144,22,99,26,45,1,0
Ring-necked Duck,0,5,0,0,0,0,1,0,0,0,0,0,0,0,0,0,0,0,1,2,5,5,0,4,1,4,8,12,0,0,5,10,3,6,5,4,0,0,0,2
Lesser Scaup,6,40,38,13,30,37,214,46,74,112,105,140,126,120,90,141,80,46,167,224,168,176,246,173,232,173,46,72,51,134,73,53,81,166,60,113,45,125,8,0
Harlequin Duck,0,0,0,0,0,0,0,1,0,0,0,0,0,0,0,0,0,0,0,0,0,0,0,0,0,0,0,0,0,0,0,0,0,0,0,0,0,0,0,0
Bufflehead,0,0,0,0,0,0,2,0,0,1,0,0,0,1,0,0,2,0,1,0,7,8,12,11,2,9,2,8,13,2,9,7,0,15,0,3,2,5,6,0
Common Goldeneye,0,0,0,0,0,0,0,0,0,0,0,0,0,0,0,0,0,0,0,0,0,0,2,0,0,0,0,0,1,0,0,0,0,0,0,1,1,0,0,0
Common Merganser,48,47,30,24,30,28,32,23,23,23,36,48,50,62,30,33,46,35,46,44,37,30,45,38,48,52,46,72,75,71,100,115,96,82,88,65,66,69,38,29
Ruddy Duck,50,24,266,51,29,96,306,181,116,388,120,163,207,176,159,226,168,68,83,181,117,152,75,39,125,217,81,107,111,200,77,62,119,154,37,61,28,11,67,5
Mountain Quail,696,481,580,699,480,561,376,556,594,287,220,357,306,319,429,206,408,349,363,314,573,377,348,577,390,383,335,475,810,357,743,595,313,306,358,486,394,356,236,316
California Quail,1635,1571,1299,1961,1434,1654,1417,1330,1163,799,757,1167,946,1192,1069,959,1765,1488,2031,1649,2117,1318,1143,1538,982,1054,1162,1003,1556,1158,2057,1544,1075,1227,1307,1404,1366,1296,1210,877
Gambel's Quail,79,93,158,296,102,157,95,27,72,64,59,80,163,99,30,43,143,49,110,104,322,114,147,171,109,101,72,105,75,70,170,142,55,25,38,83,70,37,91,91
Chukar,9,11,18,18,19,18,2,21,0,63,0,0,0,0,0,6,4,4,45,12,11,59,30,19,13,14,3,11,2,19,42,109,4,0,11,8,5,13,0,5
Ring-necked Pheasant,540,533,422,435,447,429,501,460,623,692,468,395,469,616,540,422,498,323,276,289,407,357,338,329,256,208,208,191,196,194,158,197,252,212,175,117,75,102,117,67
Common Peafowl,0,0,0,0,0,0,0,0,16,27,0,13,15,8,9,13,0,0,0,0,0,0,0,0,0,0,0,0,0,0,0,0,0,0,0,0,0,0,0,20
Ruffed Grouse,0,0,0,0,0,0,0,0,0,0,0,0,0,1,1,0,0,0,0,0,0,0,1,1,1,0,0,0,1,0,1,0,0,0,0,0,0,1,1,0
Greater Sage-Grouse,0,1,7,4,1,0,1,0,0,2,2,20,41,3,8,12,0,4,0,16,1,2,0,0,0,0,6,1,0,1,4,0,0,7,0,30,4,6,6,11
Sooty Grouse,0,3,6,3,2,4,0,2,0,3,3,2,2,3,4,2,6,2,1,9,5,5,11,6,9,7,3,8,11,11,8,7,18,8,3,3,5,5,3,15
Wild Turkey,2,1,1,0,2,1,4,0,0,1,3,3,3,5,5,10,14,17,19,32,48,18,64,49,83,38,66,110,134,88,108,97,118,126,145,143,138,123,134,98
Pied-billed Grebe,14,28,12,14,44,35,53,22,25,44,32,54,36,23,32,18,21,28,49,53,41,42,43,18,88,20,35,17,46,50,22,36,32,22,19,23,26,17,25,12
Eared Grebe,22,41,292,62,122,690,765,754,706,143,26,141,58,310,1275,113,136,8,1221,659,1396,1017,215,88,224,140,288,342,1024,472,488,647,509,1065,76,942,128,1801,195,2
Western Grebe,0,0,0,0,0,0,0,0,0,0,0,388,209,122,245,215,234,61,320,421,402,419,217,298,512,200,331,931,375,219,314,765,217,355,191,1741,490,499,224,37
Clark's Grebe,0,0,0,0,0,0,0,0,0,0,0,24,10,22,25,2,25,3,46,18,74,23,27,45,63,17,47,35,45,27,27,34,21,20,20,167,149,28,25,4
unid. Western Grebe / Clark's Grebe,423,54,112,89,169,194,220,465,201,157,154,1,2,6,1,0,5,4,0,0,1,0,1,0,0,0,0,42,136,0,47,42,76,0,53,1,8,10,0,0
Wood Stork,0,27,0,0,0,0,0,0,0,0,0,0,0,0,0,0,0,0,0,0,0,0,0,0,0,0,0,0,0,0,0,0,0,0,0,0,0,0,0,0
Blue-footed Booby,0,0,0,0,0,0,0,0,0,0,0,0,0,0,0,0,0,0,0,0,0,0,0,0,0,0,0,0,0,0,0,0,0,0,0,0,0,0,0,0
Brandt's Cormorant,27,46,9,51,49,142,23,375,73,64,0,3,5,9,3,8,9,2,15,2,18,6,3,6,12,1,32,26,7,12,16,6,13,5,13,3,13,28,56,9
Double-crested Cormorant,76,107,62,92,115,100,104,152,171,152,309,280,209,412,387,91,415,449,272,343,449,225,326,444,254,281,711,318,353,846,565,503,342,440,179,279,657,413,591,579
Pelagic Cormorant,100,53,64,51,63,90,37,103,47,35,13,17,30,63,140,64,106,5,5,68,3,31,7,1,3,2,14,5,10,5,38,16,12,9,18,10,18,82,6,4
unid. Cormorant,0,0,0,0,0,0,0,0,0,0,0,0,0,0,0,0,0,0,0,0,0,13,0,6,6,0,2,9,0,40,1,155,1,10,8,1,100,37,57,38
American White Pelican,59,42,89,122,81,44,164,142,101,198,257,269,166,123,454,201,436,602,603,743,384,326,445,231,264,491,503,422,414,565,665,948,284,337,361,323,276,338,220,35
Brown Pelican,10,0,4,26,11,110,145,28,24,1,1,24,14,62,6,12,26,140,132,17,51,38,24,85,137,62,67,44,22,11,11,40,68,29,9,4,1,15,10,51
American Bittern,31,31,29,41,30,25,39,30,43,30,39,23,38,23,42,55,24,24,24,34,44,86,61,59,36,51,4,52,30,28,33,27,37,36,33,12,10,8,8,5
Least Bittern,0,0,1,0,1,0,0,0,0,0,0,0,0,0,0,0,0,0,0,0,0,0,0,0,0,0,0,0,0,0,0,0,0,1,1,0,0,0,0,0
Great Blue Heron,153,139,137,150,131,158,204,195,162,143,122,165,184,175,152,146,111,165,155,176,190,160,136,125,155,139,139,115,127,162,156,144,154,109,125,111,102,97,96,54
Great Egret,114,83,78,72,39,122,216,100,95,166,255,169,198,227,275,255,190,359,234,303,353,344,367,246,264,175,202,218,306,278,224,237,307,306,253,168,164,115,180,153
Snowy Egret,13,30,55,7,3,17,87,97,57,188,68,53,52,103,63,107,89,88,102,72,89,133,142,36,44,55,24,51,71,63,38,48,75,41,69,35,42,174,89,128
Cattle Egret,110,232,200,44,58,51,100,122,155,570,65,402,603,873,700,277,553,963,836,518,610,536,542,308,247,245,658,86,81,40,104,328,595,418,193,138,29,63,22,106
Green Heron,7,18,16,12,20,27,34,11,12,28,30,33,34,28,21,31,43,39,30,28,32,51,42,25,33,32,25,28,19,29,27,33,29,17,26,24,24,15,16,11
Black-crowned Night-Heron,39,41,13,47,39,33,47,116,114,56,59,121,97,63,136,98,74,137,77,121,96,128,202,90,99,127,87,44,70,65,68,44,69,49,36,19,25,37,21,12
White-faced Ibis,0,0,0,0,2,0,40,0,0,42,2,10,15,382,325,102,1028,2869,1739,921,648,151,84,143,218,526,1613,2007,1032,510,323,227,1218,1268,190,1772,262,958,2385,1572
Turkey Vulture,342,337,313,317,369,346,281,249,272,272,247,271,350,267,381,232,392,403,477,615,414,456,464,420,456,492,512,573,528,595,565,523,585,546,489,463,494,605,696,448
California Condor,1,0,0,0,0,0,0,0,0,0,0,0,0,0,0,0,0,0,0,0,0,0,0,2,0,0,0,0,0,0,0,0,0,0,0,0,0,0,0,0
Osprey,12,22,11,18,14,23,21,16,15,25,18,31,14,45,27,41,39,33,42,49,50,49,35,43,48,60,59,70,60,64,63,95,96,57,74,63,68,71,58,23
White-tailed Kite,51,57,58,80,49,60,99,41,57,32,24,40,41,25,18,17,16,30,21,27,30,25,29,16,14,32,21,11,23,31,25,22,26,14,11,9,31,16,18,1
Bald Eagle,3,0,0,2,2,0,0,0,2,0,0,2,0,0,1,2,4,5,2,4,1,5,8,5,8,2,6,10,9,8,22,20,16,14,15,15,11,22,16,12
Northern Harrier,45,58,46,46,70,83,88,48,69,56,46,34,83,34,47,40,26,62,62,88,73,81,84,56,75,38,49,29,56,58,36,45,48,44,20,14,28,35,27,28
Sharp-shinned Hawk,1,1,3,6,5,4,1,1,3,2,3,1,2,3,1,0,3,0,3,5,5,5,5,0,2,3,6,2,4,4,3,3,1,3,3,2,4,2,6,2
Cooper's Hawk,7,20,19,13,9,18,13,13,9,16,8,13,16,11,7,8,4,6,18,9,12,8,1,8,15,9,6,9,18,12,16,19,15,16,12,14,22,28,31,13
Northern Goshawk,0,0,0,2,3,1,1,0,0,1,1,4,0,2,1,3,0,0,3,1,1,0,0,3,0,3,2,6,8,2,3,3,1,0,0,2,2,4,0,0
unid. Accipiter Hawk,2,0,1,0,0,0,1,0,1,0,0,0,1,1,0,0,1,0,0,0,0,0,0,0,1,1,0,0,1,0,0,0,1,0,1,0,0,0,1,1
Harris's Hawk,0,0,0,0,0,0,0,0,0,0,0,0,0,3,0,0,0,0,0,0,0,0,0,0,0,0,0,0,0,0,0,0,0,0,0,0,0,0,0,0
Red-shouldered Hawk,17,25,35,25,15,57,48,19,19,45,28,40,57,39,36,39,32,40,47,37,75,53,47,48,54,50,53,78,84,97,71,98,106,86,91,79,103,143,109,90
Swainson's Hawk,6,5,5,1,3,3,2,4,2,6,3,0,15,3,7,12,7,3,11,17,32,19,17,24,14,49,31,37,34,56,23,34,87,40,67,244,44,44,71,55
Red-tailed Hawk,381,405,367,315,348,406,375,318,329,368,254,360,357,347,398,311,360,351,460,573,485,548,492,419,430,402,346,337,490,460,416,452,424,344,373,338,433,553,460,372
Ferruginous Hawk,0,0,0,0,0,0,0,0,1,0,0,0,0,0,0,1,0,0,3,1,0,0,0,0,3,1,1,0,1,0,2,1,0,2,0,0,0,0,0,0
unid. Buteo Hawk,0,0,0,0,0,0,3,0,0,0,0,0,0,0,0,0,0,0,0,0,0,0,1,0,0,0,0,1,6,0,0,0,0,0,0,1,0,1,0,0
Golden Eagle,18,16,16,14,16,21,14,19,11,13,17,10,16,10,17,20,15,10,26,24,17,31,18,22,23,14,32,14,15,12,19,19,10,6,10,9,14,7,14,16
American Kestrel,321,337,294,275,372,363,336,206,252,310,196,222,251,186,203,203,142,202,225,312,199,240,220,178,197,163,141,164,149,197,135,154,196,124,171,135,157,180,173,124
Peregrine Falcon,1,0,1,2,1,2,1,0,0,0,2,1,1,0,2,0,1,1,2,4,1,1,0,0,2,2,2,1,3,1,0,3,2,4,0,1,4,4,0,3
Prairie Falcon,8,8,3,5,3,8,7,5,2,9,4,6,6,6,4,2,4,4,15,10,20,12,8,8,14,3,8,14,4,11,6,10,10,5,8,9,7,12,7,4
Black Rail,0,0,0,0,0,1,0,0,0,0,0,0,0,0,0,0,0,0,0,0,0,0,0,0,0,0,0,0,0,0,0,0,0,0,0,0,0,0,0,0
Clapper Rail,0,0,2,2,0,0,0,1,0,1,0,0,0,0,0,0,1,0,0,2,0,0,0,0,1,0,0,0,0,0,0,0,0,0,0,0,0,0,0,1
Virginia Rail,1,2,0,0,0,0,1,1,3,2,3,3,3,1,1,3,0,7,3,6,10,7,5,2,7,9,2,3,7,5,0,3,6,3,3,12,2,2,5,1
Sora,5,3,0,0,0,0,0,1,7,7,0,3,2,1,4,1,1,2,3,1,8,1,4,2,4,2,2,0,1,0,0,2,4,2,7,11,4,2,0,1
Common Gallinule,6,2,4,7,13,8,7,8,20,7,12,13,14,20,15,23,7,7,22,21,15,17,17,34,13,21,2,25,26,16,30,25,21,10,13,1,1,2,1,0
American Coot,164,255,540,290,254,380,875,595,344,382,190,508,182,603,300,196,242,294,230,372,712,620,383,129,266,208,299,835,372,378,214,67,251,1601,92,383,60,171,135,43
Sandhill Crane,45,48,24,61,41,17,18,26,40,42,26,23,34,49,61,100,62,40,62,75,66,79,71,98,98,98,114,70,107,52,56,103,76,100,85,120,115,91,124,78
Snowy Plover,1,1,0,0,8,7,4,12,0,1,0,35,0,0,3,0,1,0,1,0,0,0,0,0,0,2,0,0,0,0,0,0,0,0,0,2,5,0,0,0
Killdeer,922,717,703,815,759,762,765,729,742,791,788,990,829,761,833,709,414,448,497,554,766,790,918,699,634,516,533,561,669,711,438,550,498,430,500,439,406,430,439,301
Black Oystercatcher,0,6,4,1,1,6,4,4,2,1,5,4,0,3,6,2,4,7,3,9,5,1,5,0,2,3,6,2,5,4,5,5,14,1,7,0,4,9,6,0
Black-necked Stilt,185,164,557,236,525,146,332,468,281,426,319,652,663,541,537,233,264,355,565,444,534,772,339,505,167,377,391,382,1445,242,591,164,118,207,66,81,45,39,79,26
American Avocet,75,192,146,169,370,268,277,227,277,423,179,211,60,203,380,185,127,280,322,241,429,487,319,537,149,498,342,296,1013,89,463,110,138,30,101,310,42,36,161,53
Spotted Sandpiper,70,59,61,69,57,59,63,42,62,76,54,54,54,54,36,36,42,35,29,44,36,37,49,61,48,69,68,59,73,49,58,63,60,42,43,64,72,62,43,29
Willet,134,110,66,62,57,66,29,121,81,143,102,106,87,90,120,142,163,96,180,158,187,203,165,180,153,118,227,144,184,177,128,141,186,106,113,220,133,107,144,79
Long-billed Curlew,11,13,5,31,7,7,4,17,18,52,23,23,18,9,19,103,38,8,34,36,24,8,15,28,18,21,19,36,32,48,11,17,25,16,13,18,8,13,17,17
Long-billed Dowitcher,0,0,0,0,0,0,0,0,0,0,0,0,0,0,0,0,0,0,0,0,0,0,0,0,0,0,0,0,0,0,0,0,0,0,0,0,0,0,0,0
Wilson's Snipe,190,172,131,127,119,74,77,120,132,137,133,110,101,126,104,89,146,79,131,139,128,131,198,146,175,102,138,89,71,55,59,78,67,120,85,91,129,121,122,104
Wilson's Phalarope,28,26,37,15,28,40,42,52,58,66,52,82,42,73,70,56,60,7,48,62,57,73,22,33,24,79,90,155,66,26,28,27,54,16,23,21,8,30,54,8
Bonaparte's Gull,0,0,0,0,0,0,0,0,0,1,0,12,0,0,0,0,0,0,0,0,0,0,0,0,0,0,0,0,0,0,0,0,0,0,0,0,0,0,0,0
Laughing Gull,0,0,0,0,0,0,0,0,0,3,0,0,0,0,0,0,0,0,0,0,0,0,0,0,0,0,0,0,0,0,0,0,0,0,0,0,0,0,0,0
Franklin's Gull,0,0,0,0,0,0,0,0,0,0,0,0,0,0,0,0,3,3,1,1,1,0,0,0,0,0,0,0,0,0,0,0,2,1,66,12,0,1,0,0
Heermann's Gull,0,0,0,0,0,36,11,10,3,7,0,2,0,0,0,0,9,45,25,0,78,0,0,15,0,0,2,0,4,0,0,1,0,12,3,0,0,6,0,1
Ring-billed Gull,512,851,603,508,920,755,655,297,534,498,1128,1005,1030,861,1125,1088,2230,1116,962,1516,2031,1237,1197,3160,2086,1163,572,629,493,126,825,2572,773,442,564,907,1646,426,193,37
Western Gull,451,180,232,164,226,146,199,145,124,203,185,296,267,589,325,353,391,295,136,297,215,138,201,241,63,196,240,61,122,146,147,550,136,192,202,140,114,92,101,146
California Gull,410,252,772,256,256,343,469,197,482,241,650,607,280,228,584,233,591,129,171,115,173,181,205,501,381,413,90,96,130,288,112,461,158,314,745,252,370,484,266,23
Herring Gull,1,0,0,0,0,0,1,0,0,0,0,0,0,0,2,0,3,0,0,0,0,0,0,0,0,0,0,0,0,0,0,0,0,0,0,0,0,0,0,1
Glaucous-winged Gull,2,2,5,1,0,3,6,5,0,0,1,0,1,20,1,3,1,1,7,0,10,0,0,0,1,2,3,2,0,0,3,0,0,1,0,0,0,0,0,0
unid. Gull,127,60,57,112,128,54,289,16,23,7,1,0,2,0,0,10,3,1,0,3,1,0,0,4,8,0,0,0,4,15,26,14,0,50,3,4,0,36,45,53
Least Tern,3,6,20,30,10,6,0,2,0,0,0,0,0,0,0,0,0,3,0,0,0,0,0,0,0,0,0,0,0,0,0,0,0,0,0,0,0,0,0,0
Gull-billed Tern,0,0,1,0,2,0,0,0,0,0,0,2,1,0,2,0,4,0,0,0,0,38,39,1,0,0,1,47,15,0,0,0,13,49,12,5,2,0,3,6
Caspian Tern,8,42,31,31,10,23,69,38,28,29,42,22,38,87,75,22,127,49,46,68,192,94,131,226,122,47,31,74,113,71,138,33,63,139,43,95,106,74,28,12
Black Tern,12,10,36,23,18,6,8,9,3,2,2,0,5,2,13,10,20,31,12,13,29,31,61,13,12,21,2,18,34,21,54,35,22,17,16,9,17,14,6,6
Forster's Tern,39,48,62,52,61,107,106,77,81,173,110,137,79,87,133,92,141,176,225,137,157,76,71,67,44,73,153,126,132,100,185,96,64,73,52,161,113,42,64,6
Royal Tern,0,0,0,1,0,0,0,0,0,0,0,0,0,0,0,0,0,0,0,0,0,0,0,0,0,0,0,0,0,0,0,0,0,0,0,0,0,0,0,1
Elegant Tern,0,0,0,0,0,1,0,0,0,0,0,0,0,0,0,0,0,0,0,0,0,0,0,0,0,0,0,0,0,0,0,0,0,0,0,0,0,0,0,2
unid. Tern,0,0,0,0,0,0,0,0,0,0,0,0,0,0,0,0,0,0,0,0,0,0,0,0,0,0,0,0,0,0,1,0,0,0,0,0,0,0,0,36
Black Skimmer,0,0,0,0,4,0,0,0,0,0,0,0,3,2,0,0,0,0,0,0,0,0,32,25,2,5,0,1,2,1,0,2,0,51,0,3,0,0,0,0
Common Murre,22,16,199,26,14,529,39,660,87,328,0,8,0,5,5,8,3,12,30,1,126,67,41,15,0,0,32,3,57,27,3,14,1,0,2,0,3,0,0,1
Pigeon Guillemot,7,4,2,9,4,13,14,6,3,2,0,7,0,3,3,4,3,6,12,9,0,1,4,0,7,4,10,0,4,4,3,5,1,1,4,0,1,1,6,3
Marbled Murrelet,0,0,0,0,0,4,0,2,0,0,5,5,0,0,4,0,0,47,51,33,34,3,22,0,1,1,7,4,3,8,1,5,3,4,0,6,7,36,19,0
Rhinoceros Auklet,0,0,0,0,2,0,0,0,0,0,0,0,0,0,0,0,0,0,0,0,0,0,0,0,0,0,0,0,0,0,0,0,0,0,0,0,0,0,0,0
Rock Pigeon,770,1046,839,745,993,922,646,978,664,838,763,858,1635,792,791,772,776,634,357,704,710,795,639,509,607,442,399,489,510,611,455,358,455,265,332,327,363,476,370,366
Band-tailed Pigeon,337,528,371,361,349,587,543,381,344,551,166,209,252,162,176,177,184,267,249,343,224,428,346,177,197,296,351,393,479,337,496,443,374,407,340,539,421,497,361,382
African Collared-Dove (a.k.a. Ringed Turtle-Dove),1,0,0,0,0,0,0,0,0,0,0,0,0,0,2,0,0,0,0,0,0,0,0,0,0,0,0,0,0,0,0,0,0,0,0,0,0,0,0,0
Eurasian Collared-Dove,0,0,0,0,0,0,0,0,0,0,0,0,0,0,0,0,0,0,0,0,0,0,0,0,0,0,0,0,0,1,5,34,93,88,215,372,415,652,754,695
Spotted Dove,57,56,75,44,36,47,51,45,34,49,31,43,37,22,19,19,16,1,0,0,0,0,0,0,0,0,0,0,0,1,0,0,0,0,0,0,0,7,1,1
White-winged Dove,40,32,93,57,160,58,57,41,500,73,122,70,156,301,222,206,59,125,26,41,39,23,19,31,40,108,33,10,80,2,1,197,64,40,150,164,73,87,79,51
Mourning Dove,5168,5531,5280,3598,3121,3662,4839,3644,2616,3687,2380,2452,3051,3087,3073,3091,2985,2893,2550,3223,2822,2754,3098,2127,2714,2555,2109,2645,2524,2752,1986,2454,2828,2247,2339,1806,1956,2357,2200,2108
Inca Dove,0,0,0,0,0,0,0,0,0,0,0,0,0,0,0,0,0,0,0,0,0,0,0,0,0,0,0,0,0,0,0,0,0,2,0,1,0,0,0,0
Common Ground-Dove,13,7,13,7,12,3,4,0,8,2,5,3,8,7,1,3,5,2,1,1,0,1,0,0,3,1,1,7,3,2,3,7,3,0,1,6,0,2,0,0
Nanday (Black-hooded) Parakeet,0,0,0,0,0,0,0,0,0,0,0,0,18,0,0,0,0,0,0,0,0,0,0,0,0,0,0,0,0,0,0,0,0,0,0,0,0,0,0,0
unid. Brotogeris Parakeet,0,0,0,0,0,0,0,0,0,0,0,0,2,0,1,2,0,0,0,0,0,0,0,0,0,0,0,0,0,0,0,0,0,0,0,0,0,0,0,0
Yellow-billed Cuckoo,0,0,0,0,0,0,1,0,0,0,0,0,0,0,0,0,0,0,0,0,0,0,0,0,0,0,0,0,0,0,0,0,0,0,0,0,0,0,0,0
Greater Roadrunner,27,50,47,27,43,40,38,13,9,16,11,21,13,15,14,7,9,11,23,48,20,12,16,8,12,8,6,11,11,10,4,13,15,6,7,8,9,15,5,10
Barn Owl,11,1,7,3,7,12,6,9,8,4,3,6,4,1,3,2,2,2,6,8,4,0,4,2,6,9,3,2,2,5,4,2,0,1,0,0,7,5,2,1
Flammulated Owl,0,0,0,1,0,1,0,0,1,0,0,0,0,1,0,0,0,0,0,0,0,0,0,0,0,1,0,0,0,0,0,1,0,0,0,0,0,0,0,0
Western Screech-Owl,2,7,5,1,3,7,4,3,4,0,2,2,2,3,1,1,0,1,2,3,4,3,5,1,1,2,0,2,1,2,2,1,4,0,2,2,1,2,5,0
Great Horned Owl,62,78,53,55,46,48,65,46,73,41,43,40,51,46,41,33,47,58,37,44,64,67,41,42,41,38,41,32,23,31,38,42,39,41,45,33,41,52,52,50
Northern Pygmy-Owl,6,11,11,11,6,6,17,17,14,8,4,6,9,14,14,15,11,10,7,15,8,8,11,9,7,11,5,13,14,10,12,16,15,10,9,5,3,15,16,10
Burrowing Owl,67,94,65,61,46,49,76,36,108,115,83,119,132,99,79,107,112,124,102,159,141,139,122,92,60,114,78,70,67,66,49,86,150,60,61,104,26,32,8,17
Spotted Owl,2,1,0,1,0,1,3,1,1,0,1,2,2,0,1,0,1,2,0,0,0,1,4,0,1,0,1,1,0,0,0,0,0,0,1,0,0,0,0,1
Barred Owl,0,0,0,0,0,0,0,0,0,0,0,0,0,0,0,0,0,0,0,0,0,0,0,0,0,0,0,0,0,0,0,0,0,0,0,2,2,0,0,0
Great Gray Owl,0,1,0,0,0,0,0,0,0,0,0,0,0,0,0,0,1,0,0,0,0,0,0,0,0,0,0,0,0,0,0,0,0,0,0,1,0,0,0,0
Long-eared Owl,0,0,0,0,0,0,0,0,1,0,0,0,0,0,0,0,0,0,2,0,1,0,0,1,0,0,0,0,0,0,0,0,0,1,0,0,0,3,0,0
Short-eared Owl,3,7,3,2,1,8,3,2,6,3,1,1,1,0,2,3,0,18,15,4,0,1,1,1,3,0,1,0,0,2,5,2,0,0,0,0,11,1,0,0
Northern Saw-whet Owl,0,0,0,0,0,0,0,0,0,0,0,0,0,0,1,1,0,1,0,0,0,0,1,0,0,0,1,0,0,0,0,0,0,0,0,0,0,0,0,0
Lesser Nighthawk,16,43,34,22,40,6,17,10,17,28,11,81,57,59,64,34,26,23,16,30,28,15,45,29,23,76,20,20,39,20,10,42,9,17,19,22,13,12,6,20
Common Nighthawk,107,61,67,64,77,51,124,70,78,158,131,150,106,95,156,75,107,66,137,96,104,138,137,96,133,116,125,220,188,162,151,146,161,136,89,77,93,85,184,150
Common Poorwill,12,15,15,20,2,9,11,13,19,12,4,12,17,7,7,17,13,8,11,13,13,9,15,12,8,6,4,8,9,11,10,10,6,1,5,5,1,5,9,8
Mexican Whip-poor-will,0,0,1,0,1,0,1,1,0,0,1,0,0,0,0,0,0,0,0,0,0,0,2,0,1,0,0,0,0,0,0,0,0,0,0,0,0,0,0,0
Black Swift,19,0,9,29,9,64,0,0,3,2,1,11,1,1,20,8,0,16,10,4,14,2,0,2,32,1,1,1,11,8,8,1,5,2,0,0,0,0,0,1
Vaux's Swift,32,36,24,19,18,23,24,30,25,27,35,12,22,18,14,27,28,38,29,41,34,30,47,37,33,16,53,28,39,43,49,32,53,36,16,22,29,25,37,7
White-throated Swift,519,363,228,162,431,289,215,194,144,174,155,128,152,172,97,112,57,90,130,134,186,139,122,62,155,200,135,266,367,231,332,107,96,105,226,118,193,137,277,82
Black-chinned Hummingbird,15,23,13,6,27,19,35,15,28,22,24,17,18,18,7,19,25,21,8,30,63,20,20,23,14,28,13,12,16,13,19,16,15,18,21,27,17,31,33,14
Anna's Hummingbird,183,176,196,147,148,185,187,162,117,125,112,184,141,172,156,155,165,176,235,207,206,253,252,177,186,187,195,231,288,232,258,201,185,170,220,248,174,247,255,289
Costa's Hummingbird,31,36,44,48,97,80,58,46,75,4,49,76,31,48,40,34,55,78,108,46,93,38,13,83,22,28,15,1,54,12,70,30,34,23,30,23,18,30,17,16
Calliope Hummingbird,8,9,6,14,10,9,16,3,9,8,7,11,5,4,7,9,4,5,7,8,4,5,14,9,11,15,21,31,10,10,7,20,22,17,15,12,12,13,7,6
Broad-tailed Hummingbird,0,4,3,3,4,0,0,0,0,0,0,0,0,0,0,2,5,3,1,8,5,4,7,5,4,4,5,1,1,2,1,0,0,0,5,3,1,3,0,0
Rufous Hummingbird,7,6,13,8,2,4,6,1,2,2,4,8,7,2,1,7,5,12,6,6,8,10,10,5,7,4,10,8,13,5,6,7,7,5,10,1,1,3,5,2
Allen's Hummingbird,115,71,51,69,64,63,79,85,75,109,49,53,74,49,63,43,57,57,71,104,89,96,102,48,25,69,86,102,75,70,117,42,46,44,50,35,27,49,43,94
unid. Rufous Hummingbird / Allen's Hummingbird,0,0,0,0,0,0,0,0,0,0,0,0,0,0,0,0,0,0,0,0,0,0,0,0,0,0,0,0,0,0,0,0,0,0,0,4,5,2,1,0
unid. Hummingbird,26,16,45,27,31,44,71,17,68,11,13,18,29,24,12,12,18,21,26,28,54,37,31,63,40,19,24,7,26,42,29,44,10,13,20,27,29,72,34,61
Belted Kingfisher,40,39,49,57,44,43,39,24,27,33,19,23,30,36,17,20,12,30,15,21,19,29,25,27,16,22,27,27,12,24,26,27,25,17,22,15,11,16,16,18
Lewis's Woodpecker,20,28,24,19,9,2,12,14,13,5,11,18,6,11,7,3,14,23,19,9,9,14,19,29,11,31,17,22,11,30,8,34,17,13,14,24,8,11,17,7
Acorn Woodpecker,1532,1615,1935,1376,803,1070,1561,895,849,979,971,1386,1408,1256,1392,1233,1375,1391,1512,1579,1702,1444,1736,864,1282,1448,1652,1731,1786,1284,1394,1409,1334,1404,1489,1180,1119,1639,1714,1536
Gila Woodpecker,0,2,5,5,4,2,4,4,3,1,7,2,1,3,4,9,10,0,0,0,0,0,0,0,0,0,0,0,0,0,0,7,0,0,1,10,0,0,0,0
Williamson's Sapsucker,3,3,1,1,2,2,2,0,2,5,3,1,1,1,1,2,0,0,2,1,1,0,10,10,17,17,27,6,19,16,7,11,15,13,26,16,6,14,12,10
Red-naped Sapsucker,0,0,0,0,0,0,0,0,0,0,0,0,0,0,0,0,0,0,0,0,0,0,0,0,1,0,0,0,0,0,0,0,0,0,0,0,0,0,0,0
Red-breasted Sapsucker,67,77,74,47,34,45,57,36,32,30,34,34,41,37,43,42,42,31,32,50,28,35,38,27,52,35,60,79,68,88,69,87,100,85,81,71,63,129,150,164
unid. Sapsucker,0,0,0,0,0,0,0,0,0,0,0,0,0,1,0,0,0,0,1,0,0,0,0,1,1,1,1,0,4,4,0,3,7,4,3,1,8,1,3,2
Ladder-backed Woodpecker,11,11,18,15,11,11,13,6,3,11,6,5,6,13,16,26,19,11,23,14,22,20,28,17,10,12,11,16,17,25,13,16,14,7,10,14,8,9,19,8
Nuttall's Woodpecker,163,191,167,174,189,246,272,165,160,202,142,221,215,188,202,212,160,232,234,366,250,289,276,176,190,227,221,257,250,270,204,246,211,249,239,242,190,301,224,261
Downy Woodpecker,51,47,37,30,29,59,65,35,26,36,30,41,25,34,30,28,38,48,42,66,35,40,36,48,15,39,49,57,61,46,64,36,48,35,48,48,42,48,69,41
Hairy Woodpecker,78,94,60,52,86,96,91,72,53,57,58,67,63,66,59,48,66,89,103,148,98,125,146,108,101,120,116,152,150,193,170,173,202,143,150,174,124,162,161,137
White-headed Woodpecker,44,69,84,31,37,40,71,53,25,42,44,46,68,30,47,50,41,51,47,67,54,52,43,28,47,41,60,70,55,85,74,84,64,76,81,78,50,93,65,89
Black-backed Woodpecker,0,0,0,0,0,1,0,1,0,1,2,1,0,0,2,1,5,0,1,3,0,5,2,0,2,2,4,1,0,6,2,7,6,7,10,2,1,11,7,9
(Red-shafted Flicker) Northern Flicker,484,557,580,491,412,425,519,345,325,394,384,470,463,473,427,428,345,408,407,549,431,459,568,520,440,538,572,626,461,581,530,486,515,468,501,450,416,631,471,519
(unid. Red/Yellow Shafted) Northern Flicker,0,0,0,5,0,1,0,0,0,0,0,0,0,3,0,1,1,1,0,0,0,0,2,0,0,0,0,0,0,15,0,1,2,0,2,1,1,0,55,10
hybrid Northern Flicker (Red x Yellow-shafted),0,0,0,0,0,0,0,0,0,0,0,0,0,0,0,0,0,0,0,0,0,0,0,0,0,0,0,0,0,0,0,0,0,0,0,0,0,0,0,1
Gilded Flicker,0,0,0,0,0,0,0,0,1,0,0,0,1,0,0,0,0,0,0,0,0,0,0,0,0,0,0,0,0,0,0,0,0,0,0,0,0,0,0,0
Pileated Woodpecker,25,29,29,29,27,30,40,21,19,31,32,19,29,34,16,17,28,24,19,34,39,34,35,29,37,42,64,68,64,84,80,78,87,47,80,61,70,78,103,42
unid. Woodpecker,0,0,0,0,0,0,0,0,0,0,0,0,0,0,0,0,0,0,0,0,0,0,0,0,1,0,0,5,5,34,18,7,23,14,20,17,17,14,23,36
Olive-sided Flycatcher,548,452,410,417,398,410,374,443,301,314,313,362,351,300,318,259,284,270,280,360,296,352,360,243,269,255,249,367,341,326,356,396,354,231,297,248,217,248,284,240
Western Wood-Pewee,1395,1052,1020,1014,944,1097,1162,902,888,949,920,1063,911,901,969,945,1082,1064,1086,1193,952,1126,1076,1048,1107,1124,1140,1078,1201,1107,1102,1173,1210,1153,1127,1038,1052,1211,1184,1059
Willow Flycatcher,10,13,7,9,7,5,8,7,6,7,8,2,2,1,9,4,18,5,5,5,14,4,8,10,10,14,10,8,8,9,12,15,32,12,16,40,22,13,7,3
Least Flycatcher,0,0,0,0,0,0,0,0,1,0,0,0,0,0,0,0,0,0,0,0,0,0,0,0,0,0,0,0,0,0,0,0,0,0,0,0,0,0,0,0
Hammond's Flycatcher,23,55,98,87,67,91,115,129,109,113,145,108,104,78,118,88,127,69,73,122,99,120,165,107,115,126,92,157,149,116,123,137,111,113,113,103,127,135,116,153
Gray Flycatcher,6,8,11,23,24,24,23,40,43,36,34,23,25,34,17,43,49,48,108,63,25,56,51,44,55,51,26,76,105,89,55,84,104,73,65,74,106,98,137,165
Dusky Flycatcher,55,82,76,99,116,137,125,136,97,144,146,109,117,123,111,111,105,108,159,238,220,273,332,226,394,285,295,310,347,390,335,371,373,336,313,318,244,262,253,260
unid. Hammond's Flycatcher / Dusky Flycatcher,0,0,0,0,0,0,16,0,0,0,0,0,0,0,0,0,12,0,0,0,0,18,13,0,8,2,2,0,0,2,0,5,4,5,1,2,3,7,5,9
Pacific-slope Flycatcher,469,465,413,520,512,514,528,502,482,501,445,503,505,479,386,401,540,518,581,713,683,630,709,593,589,470,596,622,653,762,730,588,555,550,651,567,506,567,627,472
Cordilleran Flycatcher,0,0,0,0,0,0,0,0,0,0,0,0,0,0,0,0,0,0,0,0,0,0,1,4,1,0,0,0,1,0,1,0,0,0,0,0,0,0,0,0
unid. Empidonax Flycatcher,16,7,16,24,6,5,5,24,6,1,10,1,0,2,3,0,3,0,1,0,2,1,1,9,4,3,4,4,13,7,5,4,9,12,25,3,15,10,22,16
Black Phoebe,120,149,160,142,151,231,247,153,199,204,154,207,232,207,180,162,109,173,209,190,242,288,237,218,202,201,219,200,238,297,246,249,256,211,252,262,251,284,273,210
Say's Phoebe,34,32,69,46,24,30,32,22,15,27,16,36,32,23,25,41,33,44,69,47,65,76,78,78,55,56,28,50,34,35,62,41,30,15,32,27,37,56,44,36
Vermilion Flycatcher,0,0,0,0,0,0,0,0,0,0,0,0,2,1,0,0,0,0,0,0,0,1,0,0,0,1,0,0,0,0,0,0,0,0,0,0,0,0,0,0
Ash-throated Flycatcher,944,1062,890,935,972,990,1140,779,646,824,707,916,948,1001,973,1038,1119,1201,1486,1553,1541,1370,1330,1040,967,994,962,1021,1200,984,1166,1044,1086,1033,1155,924,868,1012,984,946
Brown-crested Flycatcher,0,0,0,0,0,0,0,0,0,0,2,0,0,0,0,0,0,0,0,0,1,0,0,0,0,2,0,1,0,0,0,0,0,0,0,0,0,0,0,0
Cassin's Kingbird,15,14,26,20,32,32,39,8,24,19,15,56,35,20,21,7,11,14,11,12,25,25,14,4,3,3,3,7,20,25,8,17,15,12,17,25,5,44,19,14
Western Kingbird,1127,1255,1161,1280,1540,1237,1275,1059,1084,1199,1156,1201,1298,1113,1430,1213,1261,1079,1231,1364,1780,1370,1415,1163,1096,1092,1130,1256,1372,1398,1143,1085,1333,1139,1248,979,999,1138,1165,822
Eastern Kingbird,0,0,0,0,1,0,2,0,0,1,0,0,0,0,0,0,0,0,1,0,1,2,0,0,0,0,0,0,0,0,0,0,0,0,0,0,0,0,0,0
Loggerhead Shrike,302,258,235,240,399,299,279,172,147,266,118,182,172,176,173,109,87,165,337,246,193,210,209,136,182,100,98,100,190,212,178,121,84,91,116,88,106,128,114,87
Bell's Vireo,2,2,0,0,3,0,0,0,0,0,0,0,0,0,0,0,0,3,0,0,1,1,1,2,0,1,0,0,3,3,0,5,4,2,3,9,5,4,9,10
Gray Vireo,2,0,0,0,2,4,2,0,1,0,0,0,0,0,0,0,0,0,0,0,1,0,0,0,0,0,0,0,0,0,1,1,1,1,1,2,0,0,1,1
Plumbeous Vireo,12,12,12,14,8,11,8,14,9,16,28,24,35,41,30,19,25,20,26,39,30,26,1,14,6,4,6,0,0,0,1,1,1,1,4,1,2,0,3,0
Cassin's Vireo,221,231,253,220,225,231,290,258,221,285,282,285,246,305,318,234,303,307,327,449,331,412,422,334,426,441,407,571,491,523,472,530,448,402,504,324,373,406,439,413
Hutton's Vireo,75,103,123,100,118,146,221,140,91,120,86,131,147,139,129,133,100,90,116,153,119,148,140,156,176,199,251,288,253,302,277,291,212,186,165,142,171,268,166,167
Warbling Vireo,554,537,439,592,481,548,645,648,550,661,478,590,350,434,398,428,541,470,565,660,644,690,644,601,595,542,613,689,764,699,726,708,659,613,663,685,649,594,605,573
Gray Jay,0,5,1,0,0,1,2,0,1,0,0,0,0,0,1,0,0,0,0,0,0,3,0,7,4,7,4,0,3,5,1,0,3,1,6,7,2,7,0,6
Pinyon Jay,55,37,48,27,15,8,41,140,12,24,7,77,30,33,22,39,65,35,20,40,92,174,28,118,150,86,39,26,48,126,18,21,43,32,25,36,5,176,99,47
Steller's Jay,1168,1201,1321,1127,881,1056,1205,940,675,842,808,1080,987,973,957,986,970,1237,1223,1384,1194,1241,1318,1068,1218,1419,1540,1958,1785,1964,1682,1616,1665,1395,1529,1276,1450,1507,1521,1399
Island Scrub-Jay,0,0,0,0,0,0,0,0,0,0,0,0,0,33,0,0,0,0,0,0,0,0,0,0,0,0,0,0,0,0,0,0,0,0,0,0,0,0,0,0
Western Scrub-Jay,1831,2025,1935,1571,1460,1816,1851,1334,1117,1313,1172,1558,1609,1471,1539,1354,1408,1445,1750,1845,1870,1743,1658,1317,1344,1437,1567,1468,1697,1581,1492,1280,1347,1316,1511,1201,1132,1658,1532,1249
Clark's Nutcracker,48,31,77,77,43,68,88,44,11,37,36,64,43,38,59,106,74,77,80,88,44,59,97,112,151,96,62,66,109,105,86,70,55,27,40,57,18,69,57,100
Black-billed Magpie,175,139,166,116,183,123,214,101,115,102,121,115,139,122,125,220,185,243,128,289,213,224,221,173,167,163,203,137,110,156,118,110,120,142,177,191,214,313,208,192
Yellow-billed Magpie,732,711,763,737,563,652,649,553,451,398,516,297,575,517,594,513,467,553,538,625,632,612,560,452,497,496,468,509,631,698,445,247,243,295,280,201,233,247,239,143
American Crow,934,1212,1136,1267,1210,1389,1158,1144,971,1227,1202,1326,2049,1565,1779,1588,1416,1933,1574,1984,2206,1965,1738,1693,1876,1706,1433,1734,2349,2238,1629,1283,1367,1336,1286,932,1046,1371,1753,903
Common Raven,661,646,652,835,806,753,833,607,551,557,494,795,887,707,734,767,950,1036,1389,1600,1319,1221,1380,1219,1049,860,1288,1007,1318,1241,1407,1533,1297,1674,1282,1056,1419,1507,1185,1370
Horned Lark,1438,1197,2372,2169,1191,1510,1734,1799,1052,1152,975,887,995,971,1135,1598,1303,1692,1700,1470,1924,1550,1239,1438,904,815,803,692,1006,776,942,583,985,680,671,631,697,818,636,742
Purple Martin,31,36,17,19,27,40,30,29,16,27,26,28,28,24,17,22,29,15,21,18,11,18,27,20,17,23,27,24,32,19,35,27,48,33,66,36,35,21,32,17
Tree Swallow,436,316,355,337,278,335,309,252,387,383,260,248,355,310,304,285,275,288,228,341,323,437,480,396,389,721,374,547,566,545,546,545,504,476,421,347,476,445,322,233
Violet-green Swallow,1233,1078,1102,995,942,910,1166,846,637,830,852,1101,843,861,862,605,727,583,647,758,662,643,756,485,659,608,584,612,538,602,533,407,438,424,512,411,452,505,531,371
Northern Rough-winged Swallow,482,439,624,290,574,403,498,435,532,719,233,305,318,339,304,339,267,193,212,362,404,328,272,208,209,439,144,234,188,166,218,245,208,192,248,246,143,236,179,114
Bank Swallow,52,35,71,234,113,157,104,65,79,181,84,110,74,76,44,123,58,231,86,173,67,72,126,21,52,40,48,3,47,12,17,17,48,48,23,28,86,141,23,56
Cliff Swallow,14728,9696,8056,9920,9970,12014,11428,8697,11160,10090,10161,10357,9827,7897,10105,8103,9040,9979,9601,10251,10440,12440,10329,9345,8356,10937,8944,9998,8467,11591,8070,10403,10161,8750,8625,9736,6773,9214,8425,5378
Barn Swallow,1279,1387,701,1117,962,890,1157,935,1072,931,1053,1053,858,633,816,672,752,723,1035,1083,1236,1004,1044,968,804,690,682,611,800,734,725,656,595,566,534,461,443,570,424,452
Black-capped Chickadee,1,0,2,0,0,0,2,2,2,0,0,0,0,0,0,3,1,4,1,1,0,9,10,7,1,11,13,14,17,12,19,3,4,7,1,6,9,7,8,0
Mountain Chickadee,836,730,1067,789,665,973,1036,719,531,768,721,719,809,733,777,828,677,714,811,828,690,935,1055,747,974,784,841,944,1087,978,1127,1290,1034,971,1007,910,765,1113,1151,939
Chestnut-backed Chickadee,218,417,283,397,335,442,464,301,245,268,229,349,322,258,219,260,240,298,258,391,320,281,306,209,236,329,449,445,397,460,495,324,371,369,445,383,337,417,365,372
Oak Titmouse,821,899,861,812,717,1032,1055,632,723,611,521,754,640,742,692,685,502,726,963,1050,923,1073,839,731,623,777,712,871,748,716,780,643,710,756,776,634,603,737,841,528
Juniper Titmouse,5,5,0,1,0,1,0,3,4,4,0,2,17,3,9,1,4,1,12,5,4,8,9,19,15,7,3,0,14,7,10,3,5,4,10,10,3,1,3,3
unid. Oak Titmouse / Juniper Titmouse,0,0,0,0,3,1,1,1,0,1,1,3,2,1,0,1,1,2,0,3,1,5,1,0,3,0,0,0,0,1,2,1,0,1,0,0,1,4,0,0
unid. Tufted Titmouse / Black-crested Titmouse,0,0,0,0,0,0,0,0,0,0,0,0,0,0,0,0,0,0,0,0,0,0,0,0,0,1,0,0,0,0,0,0,0,0,0,0,0,0,0,0
Verdin,81,64,115,95,57,50,46,11,29,49,37,80,100,91,90,61,46,52,50,76,85,69,57,77,49,101,25,36,30,31,19,61,41,13,28,34,24,18,72,28
Bushtit,639,930,1002,669,759,955,997,467,460,485,328,532,640,698,303,544,480,592,629,778,472,559,570,365,335,482,436,584,572,579,490,493,464,312,359,318,349,761,597,415
Red-breasted Nuthatch,301,364,452,265,186,290,301,271,180,308,357,280,305,340,342,308,242,265,283,396,466,453,449,223,495,489,486,750,759,1005,886,928,818,791,752,705,621,647,725,754
White-breasted Nuthatch,292,368,381,300,283,367,471,225,160,307,229,383,259,329,323,332,285,379,422,687,414,524,443,287,377,456,395,409,431,421,431,418,492,482,422,360,314,431,390,372
Pygmy Nuthatch,126,148,244,106,164,253,335,170,92,153,132,301,272,90,117,188,143,202,112,206,140,229,152,67,103,165,114,129,173,116,93,127,130,68,76,73,72,115,96,184
Brown Creeper,146,158,149,113,135,200,194,120,120,140,102,124,134,158,116,127,122,150,158,206,169,156,196,175,132,167,139,268,210,275,221,251,271,223,189,172,155,195,217,208
Cactus Wren,157,84,154,261,254,225,206,62,106,197,131,172,198,213,173,95,113,108,193,260,210,211,169,254,92,186,80,64,57,77,108,214,91,53,73,82,103,86,140,77
Rock Wren,151,149,182,237,131,143,128,154,147,126,80,115,83,111,94,156,310,301,186,223,239,177,216,302,150,71,138,63,120,97,139,119,80,80,127,141,115,121,103,88
Canyon Wren,42,34,42,34,26,64,63,23,25,30,17,25,28,31,12,32,21,22,29,19,32,25,20,18,21,20,20,21,32,23,21,14,17,11,37,20,23,48,30,16
Bewick's Wren,647,635,500,608,659,891,875,668,646,505,439,664,567,691,561,527,507,523,556,685,549,583,723,621,719,486,445,500,722,614,732,777,527,367,455,468,489,676,508,474
House Wren,402,238,344,327,363,492,497,321,384,412,458,561,394,365,393,496,562,684,903,881,926,727,577,497,398,379,325,396,474,323,518,433,323,393,452,412,417,427,448,416
Pacific Wren,42,55,53,56,43,52,55,41,65,61,33,31,35,42,28,29,29,65,95,114,157,190,172,140,131,170,175,208,159,168,172,154,146,129,132,135,130,196,191,76
Marsh Wren,56,94,84,57,74,111,130,49,149,134,85,94,75,72,106,105,91,120,135,129,198,170,142,137,113,147,74,134,160,251,151,165,138,134,124,147,92,88,90,63
Blue-gray Gnatcatcher,48,50,64,59,75,46,46,61,56,70,68,64,71,68,49,87,73,122,133,100,122,131,157,95,119,94,88,106,171,167,161,69,70,57,115,111,78,97,130,127
California Gnatcatcher,1,1,0,2,0,0,0,0,0,0,0,0,3,3,2,2,3,0,0,0,0,0,0,0,0,0,0,0,1,0,0,0,0,0,0,0,0,0,0,0
Black-tailed Gnatcatcher,13,19,20,13,15,8,11,7,14,4,2,27,11,21,7,8,1,6,3,15,20,3,4,8,5,13,4,3,24,3,6,22,5,0,5,5,9,6,22,12
unid. Gnatcatcher,0,0,0,0,0,0,0,0,0,0,0,0,0,0,0,0,0,0,0,0,0,0,3,0,0,0,0,0,0,0,0,0,0,0,0,0,0,0,0,3
American Dipper,15,12,12,10,9,11,7,12,10,19,11,13,8,13,12,7,4,5,13,12,4,7,6,6,9,7,12,15,10,18,11,9,15,6,8,4,5,18,8,5
Golden-crowned Kinglet,135,215,183,89,110,190,215,107,125,192,132,130,171,242,149,153,102,158,183,227,269,283,340,273,212,226,299,367,340,284,245,266,300,288,275,241,228,361,323,373
Ruby-crowned Kinglet,11,13,29,10,20,4,9,12,11,8,14,8,36,28,4,1,5,4,13,2,2,8,11,1,2,2,13,8,6,4,1,4,0,2,2,0,0,7,16,0
Wrentit,989,935,860,706,774,956,1025,699,608,618,502,809,924,806,751,570,511,846,790,863,710,857,800,562,819,643,823,779,1061,925,953,857,890,705,740,585,547,942,799,644
Western Bluebird,369,478,442,396,403,435,581,310,316,334,290,414,393,291,380,334,348,356,425,567,440,592,513,229,265,333,267,357,292,331,467,432,378,420,499,404,371,505,423,339
Mountain Bluebird,41,39,56,77,54,44,47,18,30,23,42,40,23,103,46,35,29,100,70,122,55,133,75,68,75,60,78,63,48,65,68,66,67,52,72,60,47,46,46,66
Townsend's Solitaire,29,35,25,18,48,53,59,44,32,49,53,51,51,38,44,45,32,28,37,88,69,64,83,73,97,112,128,143,110,130,144,154,153,109,107,77,69,102,121,114
Swainson's Thrush,324,315,286,266,267,340,297,326,261,171,152,193,287,211,197,203,292,321,354,338,438,388,482,306,335,403,514,444,520,456,387,420,386,459,355,370,282,356,328,314
Hermit Thrush,205,256,214,271,270,286,266,241,207,247,240,259,304,300,236,214,238,206,257,377,377,380,496,369,362,291,367,440,418,614,529,397,411,394,492,272,367,369,289,329
American Robin,1796,1909,1655,1638,1838,1664,1870,1400,1503,1676,1444,1514,1572,1394,1428,1486,1567,1487,1588,1861,1878,1833,2390,2013,1994,1933,2184,1902,1946,1738,1886,1778,1766,1743,1850,1695,1645,1941,1917,1617
Varied Thrush,24,30,40,40,21,46,17,25,15,24,3,3,30,8,30,17,74,26,4,25,38,39,43,84,49,55,61,110,65,78,47,67,69,66,73,74,25,85,88,1
Northern Mockingbird,580,747,847,671,837,743,610,623,519,600,500,717,694,724,770,820,829,690,667,627,848,522,738,681,337,282,356,301,473,519,411,371,349,339,393,418,366,520,464,511
Sage Thrasher,120,116,74,109,135,115,83,184,191,105,105,277,176,149,84,123,96,115,179,300,214,270,191,224,179,126,101,159,151,279,215,135,127,160,53,72,96,180,193,126
Bendire's Thrasher,5,5,3,12,3,5,3,3,8,0,2,4,4,6,1,3,1,2,1,2,7,6,1,6,0,0,0,2,1,1,2,1,1,2,0,0,2,0,0,3
California Thrasher,310,203,171,201,152,222,162,169,153,92,93,169,183,155,128,99,126,130,105,136,133,77,81,90,117,87,119,84,159,150,141,142,85,97,156,73,73,120,121,96
Crissal Thrasher,1,0,2,0,4,6,2,2,2,0,1,1,3,3,1,1,3,1,3,4,5,1,1,2,0,2,2,0,0,1,1,1,0,0,0,1,1,0,0,0
Le Conte's Thrasher,37,34,47,40,46,43,57,13,39,34,17,36,32,57,55,21,51,59,85,30,62,35,40,40,17,30,14,18,17,32,22,18,6,7,10,7,10,2,11,9
European Starling,5377,4586,4318,4529,4700,4044,5353,3682,3638,3774,3483,4097,4681,3632,4491,3665,3365,4862,5588,5032,5346,5167,4853,3974,3783,3004,3569,3651,3641,3538,3689,3982,3771,3714,3456,3249,3845,4869,3946,2528
American Pipit,0,1,0,0,0,0,0,0,0,0,0,0,0,0,0,0,0,0,0,0,0,0,0,0,0,0,0,0,0,0,0,0,0,0,0,0,0,0,0,0
Cedar Waxwing,4,45,22,25,7,54,36,31,38,20,44,12,27,131,51,135,116,26,23,10,40,31,157,35,23,16,86,164,23,4,24,20,13,0,4,61,54,41,21,10
Phainopepla,50,148,54,73,67,93,147,49,99,37,95,145,183,187,154,139,136,124,125,118,204,160,74,69,40,78,43,43,106,92,78,64,65,65,49,84,65,114,77,102
Black-and-white Warbler,0,0,0,0,0,0,0,0,0,1,1,0,0,0,0,0,0,0,0,0,0,0,0,0,0,0,0,0,0,0,0,0,0,0,0,0,0,0,0,0
Orange-crowned Warbler,547,474,498,470,464,428,428,508,374,410,448,448,379,478,532,498,719,566,560,700,639,597,618,613,560,347,397,558,642,551,646,450,380,422,505,437,387,447,450,440
Lucy's Warbler,2,0,0,0,2,2,1,1,1,0,2,2,0,2,3,1,0,1,0,0,0,0,0,0,0,0,0,0,0,0,0,0,0,0,0,3,3,0,2,4
Nashville Warbler,268,223,284,286,198,309,354,352,400,440,399,276,280,285,279,239,295,219,285,413,439,343,423,473,501,438,372,542,645,563,579,562,461,375,508,424,455,408,419,299
Virginia's Warbler,0,1,0,0,0,0,0,0,0,0,0,0,0,0,0,0,1,3,2,0,1,2,1,4,3,1,0,1,2,2,0,0,0,0,11,3,1,0,0,0
MacGillivray's Warbler,112,99,71,63,94,126,130,147,130,210,96,111,151,120,105,93,75,85,109,221,173,178,189,185,199,193,225,257,207,285,221,248,262,243,256,189,197,264,227,193
Common Yellowthroat,34,50,58,28,38,61,49,23,50,50,50,152,157,163,129,108,90,87,103,76,99,91,81,101,79,65,55,73,126,76,91,73,104,75,87,93,55,46,72,48
Northern Parula,0,0,0,0,0,0,0,0,0,0,0,0,0,0,0,0,0,1,1,0,0,0,0,0,0,0,1,0,0,0,0,0,0,0,0,1,1,0,0,0
Yellow Warbler,304,239,327,319,253,331,341,313,336,370,348,312,225,287,257,239,308,265,316,344,374,282,283,324,326,275,256,324,314,287,261,275,260,294,249,265,328,291,314,162
(Audubon's Warbler) Yellow-rumped Warbler,209,231,268,269,255,364,323,301,314,421,360,354,328,337,338,298,261,209,281,378,369,528,724,617,909,880,861,1140,1095,1133,1100,1041,1038,855,913,748,751,1056,1102,1123
(unid. Myrtle/Audubon's) Yellow-rumped Warbler,0,0,0,0,0,0,0,0,0,0,0,0,0,0,0,0,0,0,0,0,0,0,0,0,1,0,0,0,0,0,0,0,2,0,0,0,0,0,0,0
Yellow-throated Warbler,0,0,0,0,0,0,0,1,0,0,0,0,0,0,0,0,0,0,0,0,0,0,0,0,0,0,0,0,0,0,0,0,0,0,0,0,0,0,0,0
Prairie Warbler,0,0,0,0,0,0,0,0,0,0,1,0,0,0,0,0,0,0,0,0,0,0,0,0,0,0,0,0,0,0,0,0,0,0,0,0,0,0,0,0
Black-throated Gray Warbler,244,236,264,285,249,353,419,424,382,354,383,285,300,312,318,278,306,279,244,363,365,401,404,316,359,356,357,569,510,500,477,436,381,290,456,357,345,470,386,360
Hermit Warbler,262,265,196,303,253,212,259,247,265,335,264,190,200,183,264,150,191,138,204,408,424,438,516,372,522,554,451,746,723,677,562,706,589,483,598,324,445,661,582,474
Wilson's Warbler,340,403,282,269,355,297,316,311,310,329,206,287,280,274,229,206,321,291,372,428,436,443,398,374,331,338,369,406,399,446,409,351,310,331,321,309,307,337,331,288
Painted Redstart,0,0,0,0,0,0,0,1,0,0,0,0,0,0,0,0,0,0,1,0,0,0,0,0,0,0,0,0,0,0,0,0,0,0,0,0,0,0,0,0
Yellow-breasted Chat,87,102,111,92,104,114,134,123,125,177,124,171,162,173,161,149,177,186,163,222,209,193,195,175,163,166,176,188,204,189,176,191,196,190,175,157,155,117,109,58
Green-tailed Towhee,305,222,306,277,373,274,245,340,238,157,178,360,242,210,190,187,180,158,222,289,273,260,282,317,295,281,279,239,209,316,320,230,334,252,298,242,231,405,380,369
Spotted Towhee,1720,1813,1635,1409,1156,1540,1821,1277,1239,1175,1091,1679,1611,1659,1518,1264,1315,1324,1620,1761,1717,1658,1922,1605,1866,2003,1981,2169,2355,1993,2118,1891,1822,1673,1876,1534,1671,2339,2202,1970
unid. Spotted Towhee / Eastern Towhee,0,0,0,0,0,0,0,0,0,0,0,0,0,0,0,0,0,0,0,0,0,0,0,101,0,0,0,0,0,0,0,0,0,0,0,0,0,0,0,0
Rufous-crowned Sparrow,37,33,9,17,47,24,33,28,29,22,15,48,72,36,22,12,27,22,38,44,45,57,48,18,32,32,29,34,30,25,39,27,33,26,22,24,26,62,56,34
California Towhee,1298,1327,1265,1205,972,1168,1189,993,883,773,707,1072,870,911,749,950,1107,1051,993,1197,1306,834,812,773,818,762,773,738,925,829,934,843,781,872,829,801,815,857,815,747
Abert's Towhee,7,5,7,2,12,3,6,8,3,13,11,15,19,24,31,9,22,8,8,14,8,8,8,16,15,13,13,1,7,4,8,7,14,11,0,3,13,8,10,3
Chipping Sparrow,640,630,551,510,416,521,451,408,419,422,393,346,281,379,389,296,403,360,444,476,295,363,635,632,537,428,408,521,424,460,493,499,536,347,487,348,382,438,433,321
Brewer's Sparrow,383,420,323,416,374,244,253,477,385,278,294,347,292,222,286,329,379,212,341,508,335,524,438,540,411,357,304,252,398,341,358,384,434,314,296,212,248,403,367,343
Black-chinned Sparrow,237,167,160,41,53,63,89,53,32,38,48,162,119,73,75,79,48,101,114,119,181,67,82,52,91,78,33,21,58,49,108,69,62,62,74,66,83,84,115,102
Vesper Sparrow,140,102,58,77,101,125,147,123,163,171,156,164,143,68,156,191,148,141,139,213,180,177,186,274,245,160,153,136,145,152,132,174,151,122,127,105,145,100,102,106
Lark Sparrow,315,324,337,316,457,291,450,269,289,461,367,377,346,285,406,377,328,334,405,510,378,368,446,338,273,249,234,349,226,233,207,222,281,165,198,175,196,316,231,184
Black-throated Sparrow,558,413,455,534,463,444,406,358,342,216,483,493,506,493,448,268,684,945,1485,826,1647,1004,826,1247,834,742,652,337,509,416,678,454,265,157,336,352,284,152,250,273
Sage Sparrow,105,107,216,150,132,169,126,200,149,55,61,190,157,159,97,121,142,194,273,213,398,208,154,136,210,116,127,73,227,243,226,145,65,95,129,95,108,132,205,221
Lark Bunting,0,0,0,0,1,0,0,0,0,0,0,0,0,0,0,0,0,0,0,0,0,0,0,0,0,0,0,0,0,0,0,0,0,0,0,0,0,0,0,0
Savannah Sparrow,100,61,116,93,146,182,117,139,132,123,153,157,191,153,156,195,190,171,211,249,266,277,312,263,269,247,184,190,184,174,176,162,180,148,147,132,134,136,150,98
Grasshopper Sparrow,42,27,40,13,15,15,20,15,15,19,10,44,55,22,31,31,33,35,28,39,40,96,71,40,66,37,52,26,29,39,20,42,71,50,37,24,12,47,26,17
Fox Sparrow,330,377,340,313,338,429,424,423,268,446,416,473,387,418,385,316,294,287,330,348,342,398,442,286,358,350,328,477,397,443,428,507,536,483,316,403,410,469,467,366
Song Sparrow,838,770,631,783,623,598,755,608,728,594,499,700,705,679,544,608,707,684,585,821,906,881,839,868,808,799,958,848,925,769,971,758,790,768,817,881,697,721,707,541
Lincoln's Sparrow,6,5,5,5,10,9,11,2,8,7,2,13,7,7,3,4,4,5,6,7,5,1,5,7,8,12,6,9,10,9,9,10,11,8,8,12,7,10,8,11
White-crowned Sparrow,362,320,339,237,363,241,275,228,240,250,166,162,242,202,163,105,173,135,145,161,138,204,140,153,199,169,175,138,153,151,179,179,97,159,122,120,157,137,118,85
(Oregon Junco) Dark-eyed Junco,1197,1193,1163,940,897,1138,1297,956,884,975,735,888,937,902,907,696,741,645,854,999,969,1167,1294,1157,1476,1415,1345,1568,1408,1551,1501,1705,1449,1340,1390,1259,1223,1533,1405,1381
Summer Tanager,0,1,0,0,0,0,2,3,1,0,0,0,0,1,0,1,0,0,0,0,4,1,2,0,0,0,1,1,0,0,0,0,0,0,0,1,0,0,0,1
Western Tanager,935,874,745,822,671,941,990,812,748,773,678,767,763,835,923,684,691,621,738,925,902,995,1205,1004,1129,1426,1440,1768,1986,1855,1661,1835,1702,1330,1364,1279,1411,1764,1603,1204
Northern Cardinal,0,0,1,0,0,0,0,0,0,0,0,0,0,0,0,0,0,0,0,0,0,0,0,0,0,0,0,0,0,1,0,0,0,0,0,0,0,0,1,0
Black-headed Grosbeak,1455,1405,1317,1162,990,1195,1178,1116,975,998,872,933,847,1043,1082,994,1087,937,1398,1388,1548,1303,1288,1198,1282,1213,1182,1377,1580,1402,1533,1428,1355,1251,1406,1110,1310,1211,1387,974
Blue Grosbeak,12,21,33,21,16,23,10,13,14,10,16,41,51,50,57,50,29,28,37,40,48,47,48,40,24,43,29,41,61,73,42,40,79,78,104,65,24,44,33,35
Lazuli Bunting,272,238,269,226,289,306,274,239,234,311,207,283,258,243,265,195,331,209,371,376,473,468,425,448,469,452,438,482,404,498,439,433,465,455,465,429,474,493,426,270
Indigo Bunting,0,0,0,0,0,2,3,0,0,0,0,0,0,1,0,0,0,3,0,1,0,0,1,1,0,1,0,0,0,0,0,0,0,0,0,0,0,1,0,0
Bobolink,0,0,0,0,0,0,0,0,0,0,0,0,0,0,0,0,0,0,0,1,0,0,0,1,0,0,1,0,0,0,0,0,0,0,0,0,0,0,0,1
Red-winged Blackbird,11199,12102,12932,9315,10200,7484,9968,9745,11421,10755,8596,12200,11226,11164,10906,10020,8443,11209,7424,8523,11322,9238,9077,8860,9098,7560,6508,4244,7382,7607,3992,11358,8071,6284,7096,12771,4584,5258,5730,3653
Tricolored Blackbird,1003,481,1027,1331,1198,3847,515,3292,1998,2955,4966,7733,1826,1794,1678,1649,1235,1100,1148,930,1561,4721,2033,760,2321,1271,1686,1264,4955,884,783,813,1399,806,1267,1172,5930,1294,76,524
Western Meadowlark,4492,3932,3733,3165,3294,3402,3420,3397,3217,3230,3592,3033,2694,2615,2649,2605,2727,2541,3262,3763,3851,3400,3027,3413,3266,2515,2413,1976,2478,2198,2095,2829,2461,2150,2153,1902,2342,2663,1878,1490
Yellow-headed Blackbird,616,394,603,170,338,125,128,187,187,314,311,391,445,333,203,336,283,183,183,254,339,219,150,155,95,128,228,153,371,110,149,219,240,153,278,315,215,189,311,121
Brewer's Blackbird,9781,8847,7033,7915,9233,9572,9234,8741,6958,7858,7527,6940,7275,5841,6853,6727,6509,5592,6276,7976,7713,7250,7298,6083,5858,5324,6228,4507,5428,4895,4806,4276,4538,3983,3866,3240,3521,5094,4012,3099
Great-tailed Grackle,0,4,6,23,5,6,44,35,54,69,84,73,109,239,257,227,220,376,316,207,249,443,353,235,307,505,485,144,348,118,120,704,725,697,688,963,175,193,207,186
Bronzed Cowbird,0,0,0,0,0,0,0,0,0,1,0,0,0,0,0,0,0,0,0,0,0,0,0,0,0,0,0,0,0,0,0,0,0,0,1,0,0,0,0,0
Brown-headed Cowbird,590,823,665,721,1006,842,879,799,867,806,754,812,959,953,903,875,947,902,1048,1151,1335,1119,1341,1051,1197,901,1048,1087,989,960,858,916,1076,901,1077,937,894,1022,976,617
Hooded Oriole,16,10,14,19,21,27,16,8,9,9,6,26,25,17,28,13,33,28,25,19,6,7,3,13,9,9,14,9,31,21,13,16,15,20,21,20,17,35,46,45
Bullock's Oriole,1054,1029,1019,921,818,784,776,701,617,682,598,747,677,704,764,698,815,699,955,1042,931,780,696,617,567,553,578,719,606,514,507,591,591,633,576,495,503,538,521,390
Baltimore Oriole,0,0,0,0,0,0,0,0,0,0,0,0,0,0,0,0,0,1,0,0,0,0,0,0,0,0,0,0,0,0,0,0,0,0,0,0,0,0,0,0
Scott's Oriole,94,65,60,63,76,96,81,43,40,83,53,64,55,56,48,27,57,62,55,103,58,73,94,43,47,44,18,44,33,50,45,64,57,21,46,27,31,23,43,49
Pine Grosbeak,2,0,0,0,0,0,3,0,0,2,1,0,1,0,1,0,0,0,0,0,1,0,1,2,2,0,0,3,0,1,0,0,0,0,0,0,0,0,0,0
Purple Finch,407,379,326,349,233,349,441,330,272,289,302,323,331,350,411,351,359,446,337,438,323,327,344,268,290,301,278,396,409,350,364,349,370,290,323,310,294,388,372,299
Cassin's Finch,131,203,290,211,299,209,248,272,127,190,175,152,147,129,152,656,173,110,197,241,181,222,198,123,223,164,163,135,165,186,139,226,206,124,156,167,163,219,169,172
House Finch,5821,6517,6251,5455,4947,4917,5046,3868,3463,3550,2934,4415,5127,3974,3822,3966,4361,4468,4158,4661,4980,4624,4442,3330,3737,3219,2680,2432,3347,3067,2672,2572,3119,2982,3368,2408,2466,3556,3665,3050
Red Crossbill,10,14,14,2,36,6,115,17,54,17,109,16,31,39,98,34,62,75,52,158,147,141,86,61,37,59,150,68,96,82,40,62,37,31,25,62,21,79,82,63
Pine Siskin,270,281,191,180,161,222,338,203,119,230,142,188,215,186,182,202,218,173,103,191,140,120,96,193,153,109,107,94,65,108,94,49,84,145,208,171,148,127,116,87
Lesser Goldfinch,887,1088,1186,922,1108,1062,1519,789,834,1048,696,1086,1317,818,927,871,859,983,724,960,819,1196,996,684,961,1018,961,1002,1094,1202,1074,1150,1302,976,1191,935,998,1226,1095,974
Lawrence's Goldfinch,86,162,176,59,45,73,157,96,93,114,68,103,57,89,53,84,68,100,113,103,139,134,102,94,59,92,84,79,79,112,86,113,75,73,125,48,91,119,161,120
American Goldfinch,305,333,278,208,172,184,230,143,164,192,114,181,196,183,221,137,259,341,197,328,289,254,360,253,208,248,497,294,319,334,313,382,352,437,498,400,339,378,317,324
Evening Grosbeak,51,51,91,56,25,61,54,37,7,31,51,20,33,9,40,47,30,11,16,18,10,29,36,37,34,44,29,31,29,39,37,32,31,57,52,29,69,73,56,51
House Sparrow,4712,4713,4405,3751,4281,3751,4345,3485,3374,4253,3640,3699,4603,3400,3180,3902,3762,3044,2773,2995,3731,2622,3200,1842,2348,1541,1774,1481,2806,2409,1585,1638,2313,1250,1257,1386,1088,2718,1986,1331
